{
	"document": { "pageListHeight": 85, "componentSidebarTreeStructure": 0, "pageListCollapsed": 0 },
	"38DFB2EC-FFEC-42A7-B7AF-E69EADBDC904": { "scrollOrigin": "{376, 287}", "zoomValue": 0.2230830438108429 },
	"E4CF8C8E-0EC9-4D1C-A075-99675CB7CFB2": { "scrollOrigin": "{-5827, 1233}", "zoomValue": 0.9275596798801268 }
}
